{
  "subject": "Mutual Fund",
  "columns": [
    {
      "key": "YTD",
      "full_name": "YTD",
      "type": "numeric",
      "is_objective": true,
      "goal": "max"
    },
    {
      "key": "Short Term (1 Yr)",
      "full_name": "Short Term (1 Yr)",
      "type": "numeric",
      "is_objective": true,
      "goal": "max"
    },
    {
      "key": "Mid Term (3 Yr)",
      "full_name": "Mid Term (3 Yr)",
      "type": "numeric",
      "is_objective": true,
      "goal": "max"
    },
    {
      "key": "Long Term (10 Yr)",
      "full_name": "Long Term (10 Yr)",
      "type": "numeric",
      "is_objective": true,
      "goal": "max"
    },
    {
      "key": "Risk (Beta)",
      "full_name": "Risk (Beta)",
      "type": "numeric",
      "is_objective": true,
      "goal": "min"
    },
    {
      "key": "Net Expense",
      "full_name": "Net Expense",
      "type": "numeric"
    },
    {
      "key": "Morningstar Rating",
      "full_name": "Morningstar Rating",
      "type": "numeric"
    },
    {
      "key": "Manager Tenure",
      "full_name": "Manager Tenure",
      "type": "numeric"
    },
    {
      "key": "Assets",
      "full_name": "Assets",
      "type": "numeric"
    }
  ],
  "options": [
    {
      "key": "0",
      "name": "OBIOX",
      "values": {
        "YTD": 8.24,
        "Short Term (1 Yr)": 27.74,
        "Mid Term (3 Yr)": 31.22,
        "Long Term (10 Yr)": 13.08,
        "Net Expense": 0.76,
        "Morningstar Rating": 4,
        "Manager Tenure": 9,
        "Assets": 8111.66,
        "Risk (Beta)": 0.94
      },
      "description_html": "Select Biotechnology Portfolio",
      "app_data": {}
    },
    {
      "key": "1",
      "name": "OSPHX",
      "values": {
        "YTD": 12.69,
        "Short Term (1 Yr)": 40.09,
        "Mid Term (3 Yr)": 24.55,
        "Long Term (10 Yr)": 12.81,
        "Net Expense": 0.77,
        "Morningstar Rating": 4,
        "Manager Tenure": 5,
        "Assets": 5863.63,
        "Risk (Beta)": 0.89
      },
      "description_html": "Select Health Care Portfolio",
      "app_data": {}
    },
    {
      "key": "2",
      "name": "OSAIX",
      "values": {
        "YTD": 10.52,
        "Short Term (1 Yr)": 39.57,
        "Mid Term (3 Yr)": 21.83,
        "Long Term (10 Yr)": 13.06,
        "Net Expense": 0.87,
        "Morningstar Rating": 4,
        "Manager Tenure": 2,
        "Assets": 426.31,
        "Risk (Beta)": 0.85
      },
      "description_html": "Select Air Transportation Portfolio",
      "app_data": {}
    },
    {
      "key": "3",
      "name": "OPHAX",
      "values": {
        "YTD": 11.78,
        "Short Term (1 Yr)": 32.3,
        "Mid Term (3 Yr)": 20.49,
        "Long Term (10 Yr)": 12.61,
        "Net Expense": 0.82,
        "Morningstar Rating": 4,
        "Manager Tenure": 1,
        "Assets": 1659.58,
        "Risk (Beta)": 0.77
      },
      "description_html": "Select Pharmaceuticals Portfolio",
      "app_data": {}
    },
    {
      "key": "4",
      "name": "OBMPX",
      "values": {
        "YTD": 0.34,
        "Short Term (1 Yr)": 22.6,
        "Mid Term (3 Yr)": 20.16,
        "Long Term (10 Yr)": 10.77,
        "Net Expense": 0.81,
        "Morningstar Rating": 5,
        "Manager Tenure": 1,
        "Assets": 865.91,
        "Risk (Beta)": 1.17
      },
      "description_html": "Select Multimedia Portfolio <script>console.log('fdas')</script>",
      "app_data": {}
    },
    {
      "key": "5",
      "name": "OSRPX",
      "values": {
        "YTD": -3.85,
        "Short Term (1 Yr)": 18.07,
        "Mid Term (3 Yr)": 18.92,
        "Long Term (10 Yr)": 12.41,
        "Net Expense": 0.83,
        "Morningstar Rating": 4,
        "Manager Tenure": 4,
        "Assets": 855.24,
        "Risk (Beta)": 0.99
      },
      "description_html": "Select Retailing Portfolio",
      "app_data": {}
    },
    {
      "key": "6",
      "name": "OSCSX",
      "values": {
        "YTD": -0.13,
        "Short Term (1 Yr)": 28.58,
        "Mid Term (3 Yr)": 18.79,
        "Long Term (10 Yr)": 13.19,
        "Net Expense": 0.79,
        "Morningstar Rating": 5,
        "Manager Tenure": 5,
        "Assets": 3149.56,
        "Risk (Beta)": 1.15
      },
      "description_html": "Select Software and Computer Services Portfolio",
      "app_data": {}
    },
    {
      "key": "7",
      "name": "OSRFX",
      "values": {
        "YTD": 12.36,
        "Short Term (1 Yr)": 37.28,
        "Mid Term (3 Yr)": 18.55,
        "Long Term (10 Yr)": 13.39,
        "Net Expense": 0.85,
        "Morningstar Rating": 4,
        "Manager Tenure": 2,
        "Assets": 598.17,
        "Risk (Beta)": 1.06
      },
      "description_html": "Select Transportation Portfolio",
      "app_data": {}
    },
    {
      "key": "8",
      "name": "OSHOX",
      "values": {
        "YTD": 1.5,
        "Short Term (1 Yr)": 6.42,
        "Mid Term (3 Yr)": 18.2,
        "Long Term (10 Yr)": 9.33,
        "Net Expense": 0.81,
        "Morningstar Rating": 2,
        "Manager Tenure": 2,
        "Assets": 335.79,
        "Risk (Beta)": 1.25
      },
      "description_html": "Select Construction and Housing Portfolio",
      "app_data": {}
    },
    {
      "key": "9",
      "name": "OSVLX",
      "values": {
        "YTD": 1.33,
        "Short Term (1 Yr)": 13.85,
        "Mid Term (3 Yr)": 17.89,
        "Long Term (10 Yr)": -5.56,
        "Net Expense": 0.85,
        "Morningstar Rating": 3,
        "Manager Tenure": 2,
        "Assets": 182.3,
        "Risk (Beta)": 0.98
      },
      "description_html": "Select Consumer Finance Portfolio",
      "app_data": {}
    },
    {
      "key": "10",
      "name": "OBSOX",
      "values": {
        "YTD": -3.11,
        "Short Term (1 Yr)": 22.98,
        "Mid Term (3 Yr)": 17.85,
        "Long Term (10 Yr)": 13.16,
        "Net Expense": 0.84,
        "Morningstar Rating": 5,
        "Manager Tenure": 5,
        "Assets": 1193.62,
        "Risk (Beta)": 1.23
      },
      "description_html": "Select IT Services Portfolio",
      "app_data": {}
    },
    {
      "key": "11",
      "name": "OSDAX",
      "values": {
        "YTD": 1.46,
        "Short Term (1 Yr)": 26.87,
        "Mid Term (3 Yr)": 17.61,
        "Long Term (10 Yr)": 12.63,
        "Net Expense": 0.81,
        "Morningstar Rating": 4,
        "Manager Tenure": 2,
        "Assets": 897.41,
        "Risk (Beta)": 0.95
      },
      "description_html": "Select Defense and Aerospace Portfolio",
      "app_data": {}
    },
    {
      "key": "12",
      "name": "OSCPX",
      "values": {
        "YTD": 0.42,
        "Short Term (1 Yr)": 19.5,
        "Mid Term (3 Yr)": 17.14,
        "Long Term (10 Yr)": 8.78,
        "Net Expense": 0.82,
        "Morningstar Rating": 3,
        "Manager Tenure": 2,
        "Assets": 885.83,
        "Risk (Beta)": 1.09
      },
      "description_html": "Select Consumer Discretionary Portfolio",
      "app_data": {}
    },
    {
      "key": "13",
      "name": "OLCSX",
      "values": {
        "YTD": 5.67,
        "Short Term (1 Yr)": 22.93,
        "Mid Term (3 Yr)": 17.07,
        "Long Term (10 Yr)": 8.88,
        "Net Expense": 0.85,
        "Morningstar Rating": 4,
        "Manager Tenure": 9,
        "Assets": 2950.25,
        "Risk (Beta)": 1.13
      },
      "description_html": "OpenWealth Large Cap Stock Fund",
      "app_data": {}
    },
    {
      "key": "14",
      "name": "OSPCX",
      "values": {
        "YTD": 2.41,
        "Short Term (1 Yr)": 18.68,
        "Mid Term (3 Yr)": 16.45,
        "Long Term (10 Yr)": 5.24,
        "Net Expense": 0.83,
        "Morningstar Rating": 4,
        "Manager Tenure": 0,
        "Assets": 410.67,
        "Risk (Beta)": 1.12
      },
      "description_html": "Select Insurance Portfolio",
      "app_data": {}
    },
    {
      "key": "15",
      "name": "OSCHX",
      "values": {
        "YTD": 6.55,
        "Short Term (1 Yr)": 25.98,
        "Mid Term (3 Yr)": 16.41,
        "Long Term (10 Yr)": 15.86,
        "Net Expense": 0.81,
        "Morningstar Rating": 5,
        "Manager Tenure": 4,
        "Assets": 1651.79,
        "Risk (Beta)": 1.38
      },
      "description_html": "Select Chemicals Portfolio",
      "app_data": {}
    },
    {
      "key": "16",
      "name": "ODLSX",
      "values": {
        "YTD": 0.76,
        "Short Term (1 Yr)": 20.77,
        "Mid Term (3 Yr)": 16.3,
        "Long Term (10 Yr)": 11.18,
        "Net Expense": 0.82,
        "Morningstar Rating": 3,
        "Manager Tenure": 0,
        "Assets": 539.66,
        "Risk (Beta)": 1.13
      },
      "description_html": "Select Leisure Portfolio",
      "app_data": {}
    },
    {
      "key": "17",
      "name": "OGRIX",
      "values": {
        "YTD": 5.27,
        "Short Term (1 Yr)": 18.5,
        "Mid Term (3 Yr)": 16.08,
        "Long Term (10 Yr)": 3.76,
        "Net Expense": 0.69,
        "Morningstar Rating": 3,
        "Manager Tenure": 3,
        "Assets": 6569.27,
        "Risk (Beta)": 1.02
      },
      "description_html": "OpenWealth Growth & Income Portfolio",
      "app_data": {}
    },
    {
      "key": "18",
      "name": "OLCEX",
      "values": {
        "YTD": 5.22,
        "Short Term (1 Yr)": 21.55,
        "Mid Term (3 Yr)": 15.92,
        "Net Expense": 0.46,
        "Morningstar Rating": 4,
        "Manager Tenure": 7,
        "Assets": 485.36,
        "Risk (Beta)": 0.98
      },
      "description_html": "OpenWealth Large Cap Core Enhanced Index Fund",
      "app_data": {}
    },
    {
      "key": "19",
      "name": "ONCMX",
      "values": {
        "YTD": 3.95,
        "Short Term (1 Yr)": 24.07,
        "Mid Term (3 Yr)": 15.65,
        "Long Term (10 Yr)": 8.7,
        "Net Expense": 0.29,
        "Morningstar Rating": 4,
        "Manager Tenure": 11,
        "Assets": 826.93,
        "Risk (Beta)": 1
      },
      "description_html": "OpenWealth Nasdaq Composite Index Fund",
      "app_data": {}
    },
    {
      "key": "20",
      "name": "ODCAX",
      "values": {
        "YTD": 2.1,
        "Short Term (1 Yr)": 19.78,
        "Mid Term (3 Yr)": 15.57,
        "Long Term (10 Yr)": 8.28,
        "Net Expense": 0.79,
        "Morningstar Rating": 3,
        "Manager Tenure": 9,
        "Assets": 5876.06,
        "Risk (Beta)": 1.03
      },
      "description_html": "OpenWealth Capital Appreciation Fund",
      "app_data": {}
    },
    {
      "key": "21",
      "name": "OMILX",
      "values": {
        "YTD": 5.44,
        "Short Term (1 Yr)": 22.38,
        "Mid Term (3 Yr)": 15.56,
        "Long Term (10 Yr)": 10.35,
        "Net Expense": 0.91,
        "Morningstar Rating": 5,
        "Manager Tenure": 8,
        "Assets": 3654.53,
        "Risk (Beta)": 0.95
      },
      "description_html": "OpenWealth New Millennium Fund",
      "app_data": {}
    },
    {
      "key": "22",
      "name": "OSUTX",
      "values": {
        "YTD": 16.09,
        "Short Term (1 Yr)": 26.83,
        "Mid Term (3 Yr)": 15.53,
        "Long Term (10 Yr)": 10.91,
        "Net Expense": 0.82,
        "Morningstar Rating": 4,
        "Manager Tenure": 8,
        "Assets": 924.64,
        "Risk (Beta)": 0.31
      },
      "description_html": "Select Utilities Portfolio",
      "app_data": {}
    },
    {
      "key": "23",
      "name": "OSMVX",
      "values": {
        "YTD": 6.96,
        "Short Term (1 Yr)": 22.74,
        "Mid Term (3 Yr)": 15.09,
        "Long Term (10 Yr)": 10.26,
        "Net Expense": 0.8,
        "Morningstar Rating": 4,
        "Manager Tenure": 1,
        "Assets": 1558.99,
        "Risk (Beta)": 1.06
      },
      "description_html": "OpenWealth Mid Cap Value Fund",
      "app_data": {}
    },
    {
      "key": "24",
      "name": "OUSEX",
      "values": {
        "YTD": 5.8,
        "Short Term (1 Yr)": 20.33,
        "Mid Term (3 Yr)": 15.04,
        "Long Term (10 Yr)": 7.7,
        "Net Expense": 0.1,
        "Morningstar Rating": 4,
        "Manager Tenure": 11,
        "Assets": 5922.78,
        "Risk (Beta)": 1
      },
      "description_html": "Spartan 500 Index Fund - Investor Class",
      "app_data": {}
    },
    {
      "key": "25",
      "name": "OSRBX",
      "values": {
        "YTD": 2.06,
        "Short Term (1 Yr)": 19.83,
        "Mid Term (3 Yr)": 14.97,
        "Long Term (10 Yr)": 1.63,
        "Net Expense": 0.81,
        "Morningstar Rating": 3,
        "Manager Tenure": 2,
        "Assets": 696.38,
        "Risk (Beta)": 1.21
      },
      "description_html": "Select Banking Portfolio",
      "app_data": {}
    },
    {
      "key": "26",
      "name": "OMEIX",
      "values": {
        "YTD": 5.35,
        "Short Term (1 Yr)": 24.48,
        "Mid Term (3 Yr)": 14.96,
        "Net Expense": 0.62,
        "Morningstar Rating": 5,
        "Manager Tenure": 6,
        "Assets": 296.42,
        "Risk (Beta)": 1.02
      },
      "description_html": "OpenWealth Mid Cap Enhanced Index Fund",
      "app_data": {}
    },
    {
      "key": "27",
      "name": "ODVLX",
      "values": {
        "YTD": 7.44,
        "Short Term (1 Yr)": 22.39,
        "Mid Term (3 Yr)": 14.82,
        "Long Term (10 Yr)": 9.28,
        "Net Expense": 0.67,
        "Morningstar Rating": 3,
        "Manager Tenure": 4,
        "Assets": 7842.85,
        "Risk (Beta)": 1.08
      },
      "description_html": "OpenWealth Value Fund",
      "app_data": {}
    },
    {
      "key": "28",
      "name": "OJSCX",
      "values": {
        "YTD": -2.16,
        "Short Term (1 Yr)": 9.9,
        "Mid Term (3 Yr)": 14.77,
        "Long Term (10 Yr)": 2.9,
        "Net Expense": 1.01,
        "Morningstar Rating": 3,
        "Manager Tenure": 0,
        "Assets": 448.68,
        "Risk (Beta)": 1.26
      },
      "description_html": "OpenWealth Japan Smaller Companies Fund",
      "app_data": {}
    },
    {
      "key": "29",
      "name": "OSTMX",
      "values": {
        "YTD": 5.42,
        "Short Term (1 Yr)": 20.25,
        "Mid Term (3 Yr)": 14.71,
        "Long Term (10 Yr)": 8.28,
        "Net Expense": 0.1,
        "Morningstar Rating": 4,
        "Manager Tenure": 11,
        "Assets": 1735.05,
        "Risk (Beta)": 1
      },
      "description_html": "Spartan Total Market Index Fund - Investor Class",
      "app_data": {}
    },
    {
      "key": "30",
      "name": "OSLVX",
      "values": {
        "YTD": 8.2,
        "Short Term (1 Yr)": 20.04,
        "Mid Term (3 Yr)": 14.52,
        "Long Term (10 Yr)": 6.69,
        "Net Expense": 0.72,
        "Morningstar Rating": 3,
        "Manager Tenure": 3,
        "Assets": 600.63,
        "Risk (Beta)": 1.01
      },
      "description_html": "OpenWealth Stock Selector Large Cap Value Fund",
      "app_data": {}
    },
    {
      "key": "31",
      "name": "OCYIX",
      "values": {
        "YTD": 3.07,
        "Short Term (1 Yr)": 23.42,
        "Mid Term (3 Yr)": 14.51,
        "Long Term (10 Yr)": 12.52,
        "Net Expense": 0.81,
        "Morningstar Rating": 3,
        "Manager Tenure": 7,
        "Assets": 1478.96,
        "Risk (Beta)": 1.22
      },
      "description_html": "Select Industrials Portfolio",
      "app_data": {}
    },
    {
      "key": "32",
      "name": "OIUIX",
      "values": {
        "YTD": 11.33,
        "Short Term (1 Yr)": 24.27,
        "Mid Term (3 Yr)": 14.4,
        "Long Term (10 Yr)": 10.54,
        "Net Expense": 0.76,
        "Morningstar Rating": 4,
        "Manager Tenure": 9,
        "Assets": 995.26,
        "Risk (Beta)": 0.41
      },
      "description_html": "OpenWealth Telecom and Utilities Fund",
      "app_data": {}
    },
    {
      "key": "33",
      "name": "OCNTX",
      "values": {
        "YTD": 2.6,
        "Short Term (1 Yr)": 20.62,
        "Mid Term (3 Yr)": 14.39,
        "Long Term (10 Yr)": 9.99,
        "Net Expense": 0.67,
        "Morningstar Rating": 4,
        "Manager Tenure": 24,
        "Assets": 75259.3,
        "Risk (Beta)": 0.96
      },
      "description_html": "OpenWealth Contrafund",
      "app_data": {}
    },
    {
      "key": "34",
      "name": "OTQGX",
      "values": {
        "YTD": 3.55,
        "Short Term (1 Yr)": 22.75,
        "Mid Term (3 Yr)": 14.32,
        "Long Term (10 Yr)": 11.13,
        "Net Expense": 0.91,
        "Morningstar Rating": 4,
        "Manager Tenure": 7,
        "Assets": 1974.68,
        "Risk (Beta)": 1.04
      },
      "description_html": "OpenWealth Focused Stock Fund",
      "app_data": {}
    },
    {
      "key": "35",
      "name": "ODFAX",
      "values": {
        "YTD": 5.85,
        "Short Term (1 Yr)": 14.14,
        "Mid Term (3 Yr)": 14.11,
        "Long Term (10 Yr)": 11.54,
        "Net Expense": 0.79,
        "Morningstar Rating": 3,
        "Manager Tenure": 10,
        "Assets": 1419.5,
        "Risk (Beta)": 0.72
      },
      "description_html": "Select Consumer Staples Portfolio",
      "app_data": {}
    },
    {
      "key": "36",
      "name": "OLPSX",
      "values": {
        "YTD": 3.36,
        "Short Term (1 Yr)": 18.86,
        "Mid Term (3 Yr)": 14.03,
        "Long Term (10 Yr)": 10.5,
        "Net Expense": 0.8,
        "Morningstar Rating": 4,
        "Manager Tenure": 3,
        "Assets": 31060.89,
        "Risk (Beta)": 0.77
      },
      "description_html": "OpenWealth Low-Priced Stock Fund",
      "app_data": {}
    },
    {
      "key": "37",
      "name": "OMCSX",
      "values": {
        "YTD": 5.18,
        "Short Term (1 Yr)": 22.92,
        "Mid Term (3 Yr)": 13.95,
        "Long Term (10 Yr)": 9.8,
        "Net Expense": 0.66,
        "Morningstar Rating": 4,
        "Manager Tenure": 3,
        "Assets": 6044.25,
        "Risk (Beta)": 0.87
      },
      "description_html": "OpenWealth Mid-Cap Stock Fund",
      "app_data": {}
    },
    {
      "key": "38",
      "name": "OCPEX",
      "values": {
        "YTD": 0.09,
        "Short Term (1 Yr)": 18.18,
        "Mid Term (3 Yr)": 13.58,
        "Net Expense": 0.73,
        "Morningstar Rating": 3,
        "Manager Tenure": 6,
        "Assets": 403.61,
        "Risk (Beta)": 1.01
      },
      "description_html": "OpenWealth Small Cap Enhanced Index Fund",
      "app_data": {}
    },
    {
      "key": "39",
      "name": "OSEMX",
      "values": {
        "YTD": 3.87,
        "Short Term (1 Yr)": 20.1,
        "Mid Term (3 Yr)": 13.28,
        "Long Term (10 Yr)": 10.19,
        "Net Expense": 0.1,
        "Morningstar Rating": 4,
        "Manager Tenure": 11,
        "Assets": 1810.05,
        "Risk (Beta)": 1
      },
      "description_html": "Spartan Extended Market Index Fund - Investor Class",
      "app_data": {}
    },
    {
      "key": "40",
      "name": "ONORX",
      "values": {
        "YTD": 8.58,
        "Short Term (1 Yr)": 41.07,
        "Mid Term (3 Yr)": 13.25,
        "Long Term (10 Yr)": 12.49,
        "Net Expense": 1.04,
        "Manager Tenure": 3,
        "Assets": 629.18,
        "Risk (Beta)": 0.91
      },
      "description_html": "OpenWealth Nordic Fund",
      "app_data": {}
    },
    {
      "key": "41",
      "name": "OSSMX",
      "values": {
        "YTD": 5.12,
        "Short Term (1 Yr)": 18.53,
        "Mid Term (3 Yr)": 13,
        "Long Term (10 Yr)": 7.86,
        "Net Expense": 0.72,
        "Manager Tenure": 3,
        "Assets": 232.33,
        "Risk (Beta)": 0.94
      },
      "description_html": "OpenWealth Stock Selector Mid Cap Fund",
      "app_data": {}
    },
    {
      "key": "42",
      "name": "OSLBX",
      "values": {
        "YTD": -3.33,
        "Short Term (1 Yr)": 13,
        "Mid Term (3 Yr)": 12.81,
        "Long Term (10 Yr)": 8.01,
        "Net Expense": 1.42,
        "Morningstar Rating": 3,
        "Manager Tenure": 1,
        "Assets": 634.91,
        "Risk (Beta)": 1.54
      },
      "description_html": "Select Brokerage and Investment Management Portfolio",
      "app_data": {}
    },
    {
      "key": "43",
      "name": "OSLSX",
      "values": {
        "YTD": 4.47,
        "Short Term (1 Yr)": 17.72,
        "Mid Term (3 Yr)": 12.28,
        "Long Term (10 Yr)": 8,
        "Net Expense": 0.73,
        "Morningstar Rating": 2,
        "Manager Tenure": 4,
        "Assets": 734.19,
        "Risk (Beta)": 1.12
      },
      "description_html": "OpenWealth Value Strategies Fund",
      "app_data": {}
    },
    {
      "key": "44",
      "name": "OSDIX",
      "values": {
        "YTD": 8.12,
        "Short Term (1 Yr)": 13.58,
        "Mid Term (3 Yr)": 11.98,
        "Long Term (10 Yr)": 7.68,
        "Net Expense": 0.77,
        "Morningstar Rating": 4,
        "Manager Tenure": 10,
        "Assets": 2680.88,
        "Risk (Beta)": 0.69
      },
      "description_html": "OpenWealth Strategic Dividend & Income Fund",
      "app_data": {}
    },
    {
      "key": "45",
      "name": "OIDSX",
      "values": {
        "YTD": 1.78,
        "Short Term (1 Yr)": 15.52,
        "Mid Term (3 Yr)": 11.58,
        "Long Term (10 Yr)": 0.98,
        "Net Expense": 0.86,
        "Morningstar Rating": 2,
        "Manager Tenure": 1,
        "Assets": 1184.9,
        "Risk (Beta)": 1.39
      },
      "description_html": "Select Financial Services Portfolio",
      "app_data": {}
    },
    {
      "key": "46",
      "name": "OSCOX",
      "values": {
        "YTD": 5.59,
        "Short Term (1 Yr)": 20.18,
        "Mid Term (3 Yr)": 11.26,
        "Net Expense": 1.39,
        "Morningstar Rating": 4,
        "Manager Tenure": 6,
        "Assets": 627.54,
        "Risk (Beta)": 0.86
      },
      "description_html": "OpenWealth International Small Cap Opportunities Fund",
      "app_data": {}
    },
    {
      "key": "47",
      "name": "OWWFX",
      "values": {
        "YTD": 2.36,
        "Short Term (1 Yr)": 19.29,
        "Mid Term (3 Yr)": 11.16,
        "Long Term (10 Yr)": 8.86,
        "Net Expense": 1.11,
        "Morningstar Rating": 4,
        "Manager Tenure": 7,
        "Assets": 1613.41,
        "Risk (Beta)": 1.01
      },
      "description_html": "OpenWealth Worldwide Fund",
      "app_data": {}
    },
    {
      "key": "48",
      "name": "OWRLX",
      "values": {
        "YTD": 1.64,
        "Short Term (1 Yr)": 22.28,
        "Mid Term (3 Yr)": 10.96,
        "Long Term (10 Yr)": 10.5,
        "Net Expense": 0.88,
        "Morningstar Rating": 4,
        "Manager Tenure": 1,
        "Assets": 288.78,
        "Risk (Beta)": 0.78
      },
      "description_html": "Select Wireless Portfolio",
      "app_data": {}
    },
    {
      "key": "49",
      "name": "ODCPX",
      "values": {
        "YTD": 4.57,
        "Short Term (1 Yr)": 15.98,
        "Mid Term (3 Yr)": 10.86,
        "Long Term (10 Yr)": 9.07,
        "Net Expense": 0.82,
        "Morningstar Rating": 3,
        "Manager Tenure": 1,
        "Assets": 639.63,
        "Risk (Beta)": 1.29
      },
      "description_html": "Select Computers Portfolio",
      "app_data": {}
    },
    {
      "key": "50",
      "name": "OSELX",
      "values": {
        "YTD": 22.95,
        "Short Term (1 Yr)": 35.45,
        "Mid Term (3 Yr)": 10.85,
        "Long Term (10 Yr)": 6.18,
        "Net Expense": 0.82,
        "Morningstar Rating": 2,
        "Manager Tenure": 1,
        "Assets": 1556.31,
        "Risk (Beta)": 1.26
      },
      "description_html": "Select Electronics Portfolio",
      "app_data": {}
    },
    {
      "key": "51",
      "name": "OCPGX",
      "values": {
        "YTD": -1.61,
        "Short Term (1 Yr)": 16.71,
        "Mid Term (3 Yr)": 10.81,
        "Net Expense": 0.9,
        "Morningstar Rating": 3,
        "Manager Tenure": 3,
        "Assets": 1103.16,
        "Risk (Beta)": 0.96
      },
      "description_html": "OpenWealth Small Cap Growth Fund",
      "app_data": {}
    },
    {
      "key": "52",
      "name": "OBALX",
      "values": {
        "YTD": 4.96,
        "Short Term (1 Yr)": 15.46,
        "Mid Term (3 Yr)": 10.75,
        "Long Term (10 Yr)": 7.92,
        "Net Expense": 0.58,
        "Morningstar Rating": 4,
        "Manager Tenure": 6,
        "Assets": 18801.71,
        "Risk (Beta)": 0.67
      },
      "description_html": "OpenWealth Balanced Fund",
      "app_data": {}
    },
    {
      "key": "53",
      "name": "OPURX",
      "values": {
        "YTD": 4.99,
        "Short Term (1 Yr)": 15.77,
        "Mid Term (3 Yr)": 10.54,
        "Long Term (10 Yr)": 7.38,
        "Net Expense": 0.58,
        "Morningstar Rating": 4,
        "Manager Tenure": 11,
        "Assets": 17853.44,
        "Risk (Beta)": 0.69
      },
      "description_html": "OpenWealth Puritan Fund",
      "app_data": {}
    },
    {
      "key": "54",
      "name": "OSPTX",
      "values": {
        "YTD": 5.24,
        "Short Term (1 Yr)": 23.87,
        "Mid Term (3 Yr)": 10.34,
        "Long Term (10 Yr)": 8.84,
        "Net Expense": 0.8,
        "Morningstar Rating": 3,
        "Manager Tenure": 7,
        "Assets": 2294.66,
        "Risk (Beta)": 1.15
      },
      "description_html": "Select Technology Portfolio",
      "app_data": {}
    },
    {
      "key": "55",
      "name": "ODEGX",
      "values": {
        "YTD": 4.42,
        "Short Term (1 Yr)": 22.42,
        "Mid Term (3 Yr)": 10.31,
        "Long Term (10 Yr)": 6.6,
        "Net Expense": 0.71,
        "Morningstar Rating": 2,
        "Manager Tenure": 1,
        "Assets": 1662.79,
        "Risk (Beta)": 1.07
      },
      "description_html": "OpenWealth Growth Strategies Fund",
      "app_data": {}
    },
    {
      "key": "56",
      "name": "ORESX",
      "values": {
        "YTD": 15.41,
        "Short Term (1 Yr)": 9.59,
        "Mid Term (3 Yr)": 9.93,
        "Long Term (10 Yr)": 9.73,
        "Net Expense": 0.81,
        "Morningstar Rating": 4,
        "Manager Tenure": 16,
        "Assets": 3937.46,
        "Risk (Beta)": 0.97
      },
      "description_html": "OpenWealth Real Estate Investment Portfolio",
      "app_data": {}
    },
    {
      "key": "57",
      "name": "ORIFX",
      "values": {
        "YTD": 8.44,
        "Short Term (1 Yr)": 6.9,
        "Mid Term (3 Yr)": 9.83,
        "Long Term (10 Yr)": 7.46,
        "Net Expense": 0.84,
        "Morningstar Rating": 4,
        "Manager Tenure": 11,
        "Assets": 2660.6,
        "Risk (Beta)": 0.35
      },
      "description_html": "OpenWealth Real Estate Income Fund",
      "app_data": {}
    },
    {
      "key": "58",
      "name": "OIREX",
      "values": {
        "YTD": 6.19,
        "Short Term (1 Yr)": 12.44,
        "Mid Term (3 Yr)": 9.77,
        "Net Expense": 1.16,
        "Morningstar Rating": 3,
        "Manager Tenure": 4,
        "Assets": 338.37,
        "Risk (Beta)": 1.07
      },
      "description_html": "OpenWealth International Real Estate Fund",
      "app_data": {}
    },
    {
      "key": "59",
      "name": "OSDPX",
      "values": {
        "YTD": 5.39,
        "Short Term (1 Yr)": 18.84,
        "Mid Term (3 Yr)": 9.61,
        "Long Term (10 Yr)": 13.82,
        "Net Expense": 0.82,
        "Morningstar Rating": 4,
        "Manager Tenure": 6,
        "Assets": 1274.76,
        "Risk (Beta)": 1.41
      },
      "description_html": "Select Materials Portfolio",
      "app_data": {}
    },
    {
      "key": "60",
      "name": "OOSFX",
      "values": {
        "YTD": 3.33,
        "Short Term (1 Yr)": 21.17,
        "Mid Term (3 Yr)": 9.29,
        "Long Term (10 Yr)": 6.68,
        "Net Expense": 1.09,
        "Morningstar Rating": 3,
        "Manager Tenure": 2,
        "Assets": 3038.65,
        "Risk (Beta)": 1.09
      },
      "description_html": "OpenWealth Overseas Fund",
      "app_data": {}
    },
    {
      "key": "61",
      "name": "OCVSX",
      "values": {
        "YTD": 6.04,
        "Short Term (1 Yr)": 15.14,
        "Mid Term (3 Yr)": 9.15,
        "Long Term (10 Yr)": 8.47,
        "Net Expense": 0.73,
        "Morningstar Rating": 3,
        "Manager Tenure": 9,
        "Assets": 2278.86,
        "Risk (Beta)": 1.24
      },
      "description_html": "OpenWealth Convertible Securities Fund",
      "app_data": {}
    },
    {
      "key": "62",
      "name": "OIVFX",
      "values": {
        "YTD": 3.04,
        "Short Term (1 Yr)": 16.35,
        "Mid Term (3 Yr)": 9.15,
        "Long Term (10 Yr)": 6.45,
        "Net Expense": 1.17,
        "Morningstar Rating": 3,
        "Manager Tenure": 6,
        "Assets": 1037.91,
        "Risk (Beta)": 1.06
      },
      "description_html": "OpenWealth International Capital Appreciation Fund",
      "app_data": {}
    },
    {
      "key": "63",
      "name": "OISMX",
      "values": {
        "YTD": 1.61,
        "Short Term (1 Yr)": 19.77,
        "Mid Term (3 Yr)": 8.83,
        "Long Term (10 Yr)": 10.46,
        "Net Expense": 1.33,
        "Morningstar Rating": 3,
        "Manager Tenure": 0,
        "Assets": 991.56,
        "Risk (Beta)": 0.94
      },
      "description_html": "OpenWealth International Small Cap Fund",
      "app_data": {}
    },
    {
      "key": "64",
      "name": "OIEUX",
      "values": {
        "YTD": 4.32,
        "Short Term (1 Yr)": 21.21,
        "Mid Term (3 Yr)": 8.8,
        "Long Term (10 Yr)": 9.14,
        "Net Expense": 1.06,
        "Morningstar Rating": 3,
        "Manager Tenure": 1,
        "Assets": 1546.63,
        "Risk (Beta)": 0.99
      },
      "description_html": "OpenWealth Europe Fund",
      "app_data": {}
    },
    {
      "key": "65",
      "name": "OPBFX",
      "values": {
        "YTD": 3.51,
        "Short Term (1 Yr)": 13.43,
        "Mid Term (3 Yr)": 8.67,
        "Long Term (10 Yr)": 10.19,
        "Net Expense": 1.23,
        "Morningstar Rating": 4,
        "Manager Tenure": 1,
        "Assets": 713.07,
        "Risk (Beta)": 1.05
      },
      "description_html": "OpenWealth Pacific Basin Fund",
      "app_data": {}
    },
    {
      "key": "66",
      "name": "OSTCX",
      "values": {
        "YTD": 2.02,
        "Short Term (1 Yr)": 15.37,
        "Mid Term (3 Yr)": 8.62,
        "Long Term (10 Yr)": 8.37,
        "Net Expense": 0.85,
        "Morningstar Rating": 3,
        "Manager Tenure": 1,
        "Assets": 416.38,
        "Risk (Beta)": 0.7
      },
      "description_html": "Select Telecommunications Portfolio",
      "app_data": {}
    },
    {
      "key": "67",
      "name": "ONMIX",
      "values": {
        "YTD": 9.24,
        "Short Term (1 Yr)": 5.22,
        "Mid Term (3 Yr)": 8.38,
        "Long Term (10 Yr)": 10.35,
        "Net Expense": 0.86,
        "Morningstar Rating": 4,
        "Manager Tenure": 19,
        "Assets": 4796.72,
        "Risk (Beta)": 0.98
      },
      "description_html": "OpenWealth New Markets Income Fund",
      "app_data": {}
    },
    {
      "key": "68",
      "name": "OIGFX",
      "values": {
        "YTD": 1.07,
        "Short Term (1 Yr)": 15.64,
        "Mid Term (3 Yr)": 8.24,
        "Net Expense": 1.13,
        "Morningstar Rating": 5,
        "Manager Tenure": 7,
        "Assets": 556.11,
        "Risk (Beta)": 0.93
      },
      "description_html": "OpenWealth International Growth Fund",
      "app_data": {}
    },
    {
      "key": "69",
      "name": "OSNGX",
      "values": {
        "YTD": 19.98,
        "Short Term (1 Yr)": 30.85,
        "Mid Term (3 Yr)": 8.06,
        "Long Term (10 Yr)": 10.65,
        "Net Expense": 0.84,
        "Morningstar Rating": 3,
        "Manager Tenure": 1,
        "Assets": 1145.7,
        "Risk (Beta)": 1.31
      },
      "description_html": "Select Natural Gas Portfolio",
      "app_data": {}
    },
    {
      "key": "70",
      "name": "OLBIX",
      "values": {
        "YTD": 11.15,
        "Short Term (1 Yr)": 2.47,
        "Mid Term (3 Yr)": 7.89,
        "Net Expense": 0.2,
        "Morningstar Rating": 3,
        "Manager Tenure": 2,
        "Assets": 21.69,
        "Risk (Beta)": 1.02
      },
      "description_html": "Spartan Long-Term Treasury Bond Index Fund - Investor Class",
      "app_data": {}
    },
    {
      "key": "71",
      "name": "ODIVX",
      "values": {
        "YTD": 2.17,
        "Short Term (1 Yr)": 18.67,
        "Mid Term (3 Yr)": 7.66,
        "Long Term (10 Yr)": 7.19,
        "Net Expense": 0.95,
        "Morningstar Rating": 4,
        "Manager Tenure": 13,
        "Assets": 15053.34,
        "Risk (Beta)": 0.98
      },
      "description_html": "OpenWealth Diversified International Fund",
      "app_data": {}
    },
    {
      "key": "72",
      "name": "OSPHIX",
      "values": {
        "YTD": 4.05,
        "Short Term (1 Yr)": 6.6,
        "Mid Term (3 Yr)": 7.62,
        "Long Term (10 Yr)": 8.3,
        "Net Expense": 0.72,
        "Morningstar Rating": 4,
        "Manager Tenure": 14,
        "Assets": 6417.52,
        "Risk (Beta)": 1.05
      },
      "description_html": "OpenWealth High Income Fund",
      "app_data": {}
    },
    {
      "key": "73",
      "name": "OIGRX",
      "values": {
        "YTD": 0.42,
        "Short Term (1 Yr)": 15.55,
        "Mid Term (3 Yr)": 7.44,
        "Long Term (10 Yr)": 7.82,
        "Net Expense": 1,
        "Morningstar Rating": 4,
        "Manager Tenure": 10,
        "Assets": 8208.49,
        "Risk (Beta)": 0.98
      },
      "description_html": "OpenWealth International Discovery Fund",
      "app_data": {}
    },
    {
      "key": "74",
      "name": "OAGIX",
      "values": {
        "YTD": 6.27,
        "Short Term (1 Yr)": 10.05,
        "Mid Term (3 Yr)": 7.41,
        "Long Term (10 Yr)": 9.83,
        "Net Expense": 0.73,
        "Morningstar Rating": 5,
        "Manager Tenure": 11,
        "Assets": 10548.92,
        "Risk (Beta)": 1.23
      },
      "description_html": "OpenWealth Capital & Income Fund",
      "app_data": {}
    },
    {
      "key": "75",
      "name": "OSIIX",
      "values": {
        "YTD": 4.38,
        "Short Term (1 Yr)": 18.73,
        "Mid Term (3 Yr)": 7.31,
        "Long Term (10 Yr)": 7.12,
        "Net Expense": 0.2,
        "Morningstar Rating": 4,
        "Manager Tenure": 11,
        "Assets": 2777.67,
        "Risk (Beta)": 0.99
      },
      "description_html": "Spartan International Index Fund - Investor Class",
      "app_data": {}
    },
    {
      "key": "76",
      "name": "OGBLX",
      "values": {
        "YTD": 3.35,
        "Short Term (1 Yr)": 13.5,
        "Mid Term (3 Yr)": 6.94,
        "Long Term (10 Yr)": 8.1,
        "Net Expense": 1.02,
        "Morningstar Rating": 3,
        "Manager Tenure": 8,
        "Assets": 601.31,
        "Risk (Beta)": 0.63
      },
      "description_html": "OpenWealth Global Balanced Fund",
      "app_data": {}
    },
    {
      "key": "77",
      "name": "OCTFX",
      "values": {
        "YTD": 5.94,
        "Short Term (1 Yr)": 4.1,
        "Mid Term (3 Yr)": 6.69,
        "Long Term (10 Yr)": 4.97,
        "Net Expense": 0.46,
        "Morningstar Rating": 3,
        "Manager Tenure": 8,
        "Assets": 1678.49,
        "Risk (Beta)": 1.05
      },
      "description_html": "OpenWealth California Municipal Income Fund",
      "app_data": {}
    },
    {
      "key": "78",
      "name": "OCBFX",
      "values": {
        "YTD": 5.6,
        "Short Term (1 Yr)": 4.91,
        "Mid Term (3 Yr)": 6.52,
        "Net Expense": 0.45,
        "Morningstar Rating": 4,
        "Manager Tenure": 4,
        "Assets": 642.72,
        "Risk (Beta)": 1.05
      },
      "description_html": "OpenWealth Corporate Bond Fund",
      "app_data": {}
    },
    {
      "key": "79",
      "name": "OTABX",
      "values": {
        "YTD": 6.42,
        "Short Term (1 Yr)": 3.68,
        "Mid Term (3 Yr)": 6.21,
        "Long Term (10 Yr)": 5.21,
        "Net Expense": 0.47,
        "Morningstar Rating": 4,
        "Manager Tenure": 5,
        "Assets": 2420.15,
        "Risk (Beta)": 0.96
      },
      "description_html": "OpenWealth Tax-Free Bond Fund",
      "app_data": {}
    },
    {
      "key": "80",
      "name": "OSENX",
      "values": {
        "YTD": 13.87,
        "Short Term (1 Yr)": 21.9,
        "Mid Term (3 Yr)": 6.02,
        "Long Term (10 Yr)": 13.08,
        "Net Expense": 0.8,
        "Morningstar Rating": 4,
        "Manager Tenure": 8,
        "Assets": 2573.01,
        "Risk (Beta)": 1.58
      },
      "description_html": "Select Energy Portfolio",
      "app_data": {}
    },
    {
      "key": "81",
      "name": "OHIGX",
      "values": {
        "YTD": 6.34,
        "Short Term (1 Yr)": 3.48,
        "Mid Term (3 Yr)": 6.01,
        "Long Term (10 Yr)": 4.98,
        "Net Expense": 0.46,
        "Morningstar Rating": 4,
        "Manager Tenure": 4,
        "Assets": 5561.61,
        "Risk (Beta)": 1.06
      },
      "description_html": "OpenWealth Municipal Income Fund",
      "app_data": {}
    },
    {
      "key": "82",
      "name": "OJPNX",
      "values": {
        "YTD": -1.66,
        "Short Term (1 Yr)": 6.44,
        "Mid Term (3 Yr)": 5.94,
        "Long Term (10 Yr)": 2.48,
        "Net Expense": 0.93,
        "Morningstar Rating": 2,
        "Manager Tenure": 0,
        "Assets": 428.13,
        "Risk (Beta)": 1.01
      },
      "description_html": "OpenWealth Japan Fund",
      "app_data": {}
    },
    {
      "key": "83",
      "name": "OPXTX",
      "values": {
        "YTD": 5.46,
        "Short Term (1 Yr)": 3.36,
        "Mid Term (3 Yr)": 5.43,
        "Long Term (10 Yr)": 4.7,
        "Net Expense": 0.49,
        "Morningstar Rating": 4,
        "Manager Tenure": 12,
        "Assets": 428.05,
        "Risk (Beta)": 1.01
      },
      "description_html": "OpenWealth Pennsylvania Municipal Income Fund",
      "app_data": {}
    },
    {
      "key": "84",
      "name": "OTIEX",
      "values": {
        "YTD": 1.95,
        "Short Term (1 Yr)": 13.19,
        "Mid Term (3 Yr)": 5.43,
        "Net Expense": 1.09,
        "Morningstar Rating": 4,
        "Manager Tenure": 7,
        "Assets": 345.66,
        "Risk (Beta)": 0.95
      },
      "description_html": "OpenWealth Total International Equity Fund",
      "app_data": {}
    },
    {
      "key": "85",
      "name": "ONJHX",
      "values": {
        "YTD": 5.58,
        "Short Term (1 Yr)": 2.77,
        "Mid Term (3 Yr)": 5.39,
        "Long Term (10 Yr)": 4.67,
        "Net Expense": 0.47,
        "Morningstar Rating": 3,
        "Manager Tenure": 5,
        "Assets": 596.3,
        "Risk (Beta)": 1.04
      },
      "description_html": "OpenWealth New Jersey Municipal Income Fund",
      "app_data": {}
    },
    {
      "key": "86",
      "name": "ODMMX",
      "values": {
        "YTD": 5.63,
        "Short Term (1 Yr)": 2.81,
        "Mid Term (3 Yr)": 5.31,
        "Long Term (10 Yr)": 4.79,
        "Net Expense": 0.46,
        "Morningstar Rating": 4,
        "Manager Tenure": 4,
        "Assets": 2091.08,
        "Risk (Beta)": 1.12
      },
      "description_html": "OpenWealth Massachusetts Municipal Income Fund",
      "app_data": {}
    },
    {
      "key": "87",
      "name": "OOHFX",
      "values": {
        "YTD": 5.92,
        "Short Term (1 Yr)": 3.48,
        "Mid Term (3 Yr)": 5.31,
        "Long Term (10 Yr)": 4.77,
        "Net Expense": 0.48,
        "Morningstar Rating": 4,
        "Manager Tenure": 8,
        "Assets": 563.85,
        "Risk (Beta)": 1.06
      },
      "description_html": "OpenWealth Ohio Municipal Income Fund",
      "app_data": {}
    },
    {
      "key": "88",
      "name": "OSICX",
      "values": {
        "YTD": 5.33,
        "Short Term (1 Yr)": 5.14,
        "Mid Term (3 Yr)": 5.28,
        "Long Term (10 Yr)": 7.49,
        "Net Expense": 0.69,
        "Morningstar Rating": 4,
        "Manager Tenure": 3,
        "Assets": 8661.23,
        "Risk (Beta)": 0.65
      },
      "description_html": "OpenWealth Strategic Income Fund",
      "app_data": {}
    },
    {
      "key": "89",
      "name": "OTFMX",
      "values": {
        "YTD": 5.53,
        "Short Term (1 Yr)": 3.08,
        "Mid Term (3 Yr)": 5.07,
        "Long Term (10 Yr)": 4.7,
        "Net Expense": 0.46,
        "Morningstar Rating": 4,
        "Manager Tenure": 12,
        "Assets": 1655.96,
        "Risk (Beta)": 1.05
      },
      "description_html": "OpenWealth New York Municipal Income Fund",
      "app_data": {}
    },
    {
      "key": "90",
      "name": "OMHTX",
      "values": {
        "YTD": 5.1,
        "Short Term (1 Yr)": 2.18,
        "Mid Term (3 Yr)": 4.78,
        "Long Term (10 Yr)": 4.49,
        "Net Expense": 0.48,
        "Morningstar Rating": 4,
        "Manager Tenure": 8,
        "Assets": 545.88,
        "Risk (Beta)": 0.91
      },
      "description_html": "OpenWealth Michigan Municipal Income Fund",
      "app_data": {}
    },
    {
      "key": "91",
      "name": "OTBFX",
      "values": {
        "YTD": 3.84,
        "Short Term (1 Yr)": 3.46,
        "Mid Term (3 Yr)": 4.44,
        "Long Term (10 Yr)": 5.6,
        "Net Expense": 0.45,
        "Morningstar Rating": 4,
        "Manager Tenure": 10,
        "Assets": 13743.35,
        "Risk (Beta)": 0.98
      },
      "description_html": "OpenWealth Total Bond Fund",
      "app_data": {}
    },
    {
      "key": "92",
      "name": "OICNX",
      "values": {
        "YTD": 5.08,
        "Short Term (1 Yr)": 3.01,
        "Mid Term (3 Yr)": 4.38,
        "Long Term (10 Yr)": 4.37,
        "Net Expense": 0.48,
        "Morningstar Rating": 4,
        "Manager Tenure": 12,
        "Assets": 434.82,
        "Risk (Beta)": 0.97
      },
      "description_html": "OpenWealth Connecticut Municipal Income Fund",
      "app_data": {}
    },
    {
      "key": "93",
      "name": "OBNDX",
      "values": {
        "YTD": 3.83,
        "Short Term (1 Yr)": 3.13,
        "Mid Term (3 Yr)": 4.25,
        "Long Term (10 Yr)": 4.75,
        "Net Expense": 0.45,
        "Morningstar Rating": 4,
        "Manager Tenure": 10,
        "Assets": 5458.13,
        "Risk (Beta)": 1.03
      },
      "description_html": "OpenWealth Investment Grade Bond Fund",
      "app_data": {}
    },
    {
      "key": "94",
      "name": "OLTMX",
      "values": {
        "YTD": 4.14,
        "Short Term (1 Yr)": 2.6,
        "Mid Term (3 Yr)": 4.18,
        "Long Term (10 Yr)": 4.29,
        "Net Expense": 0.37,
        "Morningstar Rating": 4,
        "Manager Tenure": 4,
        "Assets": 4125.69,
        "Risk (Beta)": 0.74
      },
      "description_html": "OpenWealth Intermediate Municipal Income Fund",
      "app_data": {}
    },
    {
      "key": "95",
      "name": "OSESX",
      "values": {
        "YTD": 14.79,
        "Short Term (1 Yr)": 23.63,
        "Mid Term (3 Yr)": 4.17,
        "Long Term (10 Yr)": 12.4,
        "Net Expense": 0.8,
        "Morningstar Rating": 2,
        "Manager Tenure": 0,
        "Assets": 1152.08,
        "Risk (Beta)": 1.75
      },
      "description_html": "Select Energy Service Portfolio",
      "app_data": {}
    },
    {
      "key": "96",
      "name": "OHKCX",
      "values": {
        "YTD": -0.98,
        "Short Term (1 Yr)": 9.36,
        "Mid Term (3 Yr)": 3.65,
        "Long Term (10 Yr)": 11.97,
        "Net Expense": 1.02,
        "Morningstar Rating": 5,
        "Manager Tenure": 3,
        "Assets": 1313.51,
        "Risk (Beta)": 0.97
      },
      "description_html": "OpenWealth China Region Fund",
      "app_data": {}
    },
    {
      "key": "97",
      "name": "OIBIX",
      "values": {
        "YTD": 3.11,
        "Short Term (1 Yr)": 0.18,
        "Mid Term (3 Yr)": 3.65,
        "Net Expense": 0.2,
        "Morningstar Rating": 4,
        "Manager Tenure": 2,
        "Assets": 111.81,
        "Risk (Beta)": 1.02
      },
      "description_html": "Spartan Intermediate Treasury Bond Index Fund - Investor Class",
      "app_data": {}
    },
    {
      "key": "98",
      "name": "OBIDX",
      "values": {
        "YTD": 3.33,
        "Short Term (1 Yr)": 2.44,
        "Mid Term (3 Yr)": 3.34,
        "Long Term (10 Yr)": 4.63,
        "Net Expense": 0.22,
        "Morningstar Rating": 3,
        "Manager Tenure": 2,
        "Assets": 6203.48,
        "Risk (Beta)": 1.03
      },
      "description_html": "Spartan U.S. Bond Index Fund - Investor Class",
      "app_data": {}
    },
    {
      "key": "99",
      "name": "OTHRX",
      "values": {
        "YTD": 2.25,
        "Short Term (1 Yr)": 2.14,
        "Mid Term (3 Yr)": 3.23,
        "Long Term (10 Yr)": 4.42,
        "Net Expense": 0.45,
        "Morningstar Rating": 3,
        "Manager Tenure": 1,
        "Assets": 3432.23,
        "Risk (Beta)": 1.07
      },
      "description_html": "OpenWealth Intermediate Bond Fund",
      "app_data": {}
    },
    {
      "key": "100",
      "name": "OMSFX",
      "values": {
        "YTD": 3.67,
        "Short Term (1 Yr)": 3.06,
        "Mid Term (3 Yr)": 3.2,
        "Long Term (10 Yr)": 4.18,
        "Net Expense": 0.45,
        "Morningstar Rating": 2,
        "Manager Tenure": 5,
        "Assets": 804.05,
        "Risk (Beta)": 1.08
      },
      "description_html": "OpenWealth Mortgage Securities Fund",
      "app_data": {}
    },
    {
      "key": "101",
      "name": "ONARX",
      "values": {
        "YTD": 15.24,
        "Short Term (1 Yr)": 20.85,
        "Mid Term (3 Yr)": 3.18,
        "Long Term (10 Yr)": 13.06,
        "Net Expense": 0.84,
        "Morningstar Rating": 3,
        "Manager Tenure": 8,
        "Assets": 1032.99,
        "Risk (Beta)": 1.54
      },
      "description_html": "Select Natural Resources Portfolio",
      "app_data": {}
    },
    {
      "key": "102",
      "name": "OGMNX",
      "values": {
        "YTD": 3.97,
        "Short Term (1 Yr)": 3.08,
        "Mid Term (3 Yr)": 3.05,
        "Long Term (10 Yr)": 5.12,
        "Net Expense": 0.45,
        "Morningstar Rating": 5,
        "Manager Tenure": 5,
        "Assets": 6768.09,
        "Risk (Beta)": 1.05
      },
      "description_html": "OpenWealth GNMA Fund",
      "app_data": {}
    },
    {
      "key": "103",
      "name": "OJRLX",
      "values": {
        "YTD": 1.71,
        "Short Term (1 Yr)": 1.65,
        "Mid Term (3 Yr)": 3,
        "Long Term (10 Yr)": 4.06,
        "Net Expense": 0.45,
        "Manager Tenure": 5,
        "Assets": 44.43,
        "Risk (Beta)": 1.9
      },
      "description_html": "OpenWealth Limited Term Bond Fund",
      "app_data": {}
    },
    {
      "key": "104",
      "name": "OGOVX",
      "values": {
        "YTD": 2.89,
        "Short Term (1 Yr)": 1.67,
        "Mid Term (3 Yr)": 2.82,
        "Long Term (10 Yr)": 4.61,
        "Net Expense": 0.45,
        "Morningstar Rating": 4,
        "Manager Tenure": 5,
        "Assets": 3227.47,
        "Risk (Beta)": 0.8
      },
      "description_html": "OpenWealth Government Income Fund",
      "app_data": {}
    },
    {
      "key": "105",
      "name": "OCSTX",
      "values": {
        "YTD": 1.98,
        "Short Term (1 Yr)": 2.13,
        "Mid Term (3 Yr)": 2.53,
        "Net Expense": 0.49,
        "Morningstar Rating": 3,
        "Manager Tenure": 8,
        "Assets": 730.1,
        "Risk (Beta)": 0.4
      },
      "description_html": "OpenWealth California Limited Term Tax-Free Bond Fund",
      "app_data": {}
    },
    {
      "key": "106",
      "name": "OSTFX",
      "values": {
        "YTD": 1.48,
        "Short Term (1 Yr)": 1.51,
        "Mid Term (3 Yr)": 2.13,
        "Long Term (10 Yr)": 3.04,
        "Net Expense": 0.48,
        "Morningstar Rating": 4,
        "Manager Tenure": 4,
        "Assets": 3176.22,
        "Risk (Beta)": 0.33
      },
      "description_html": "OpenWealth Limited Term Municipal Income Fund",
      "app_data": {}
    },
    {
      "key": "107",
      "name": "OSTGX",
      "values": {
        "YTD": 1.43,
        "Short Term (1 Yr)": 0.96,
        "Mid Term (3 Yr)": 1.98,
        "Long Term (10 Yr)": 3.94,
        "Net Expense": 0.45,
        "Morningstar Rating": 3,
        "Manager Tenure": 2,
        "Assets": 844.49,
        "Risk (Beta)": 1.02
      },
      "description_html": "OpenWealth Intermediate Government Income Fund",
      "app_data": {}
    },
    {
      "key": "108",
      "name": "OICDX",
      "values": {
        "YTD": 8.23,
        "Short Term (1 Yr)": 14.58,
        "Mid Term (3 Yr)": 1.37,
        "Long Term (10 Yr)": 10.44,
        "Net Expense": 0.87,
        "Manager Tenure": 0,
        "Assets": 2152.22,
        "Risk (Beta)": 0.87
      },
      "description_html": "OpenWealth Canada Fund",
      "app_data": {}
    },
    {
      "key": "109",
      "name": "OSHBX",
      "values": {
        "YTD": 0.67,
        "Short Term (1 Yr)": 1.23,
        "Mid Term (3 Yr)": 1.37,
        "Long Term (10 Yr)": 2.29,
        "Net Expense": 0.45,
        "Morningstar Rating": 3,
        "Manager Tenure": 7,
        "Assets": 6419.44,
        "Risk (Beta)": 1.44
      },
      "description_html": "OpenWealth Short-Term Bond Fund",
      "app_data": {}
    },
    {
      "key": "110",
      "name": "OSEAX",
      "values": {
        "YTD": 5.32,
        "Short Term (1 Yr)": 8.24,
        "Mid Term (3 Yr)": 1.36,
        "Long Term (10 Yr)": 11.52,
        "Net Expense": 1.08,
        "Morningstar Rating": 3,
        "Manager Tenure": 5,
        "Assets": 1079.14,
        "Risk (Beta)": 0.99
      },
      "description_html": "OpenWealth Emerging Asia Fund",
      "app_data": {}
    },
    {
      "key": "111",
      "name": "OFXSX",
      "values": {
        "YTD": 0.77,
        "Short Term (1 Yr)": 0.84,
        "Mid Term (3 Yr)": 1.03,
        "Long Term (10 Yr)": 3.13,
        "Net Expense": 0.45,
        "Morningstar Rating": 4,
        "Manager Tenure": 4,
        "Assets": 368.51,
        "Risk (Beta)": 0.94
      },
      "description_html": "OpenWealth Limited Term Government Fund",
      "app_data": {}
    },
    {
      "key": "112",
      "name": "OCONX",
      "values": {
        "YTD": 0.13,
        "Short Term (1 Yr)": 0.4,
        "Mid Term (3 Yr)": 0.66,
        "Net Expense": 0.4,
        "Morningstar Rating": 3,
        "Manager Tenure": 3,
        "Assets": 1530.59,
        "Risk (Beta)": -0.48
      },
      "description_html": "OpenWealth Conservative Income Bond Fund",
      "app_data": {}
    },
    {
      "key": "113",
      "name": "OEMKX",
      "values": {
        "YTD": 5.44,
        "Short Term (1 Yr)": 6.04,
        "Mid Term (3 Yr)": -1.36,
        "Long Term (10 Yr)": 10.87,
        "Net Expense": 1.09,
        "Morningstar Rating": 3,
        "Manager Tenure": 2,
        "Assets": 2273.34,
        "Risk (Beta)": 0.97
      },
      "description_html": "OpenWealth Emerging Markets Fund",
      "app_data": {}
    },
    {
      "key": "114",
      "name": "OSAGX",
      "values": {
        "YTD": 19.76,
        "Short Term (1 Yr)": -17.17,
        "Mid Term (3 Yr)": -25.86,
        "Long Term (10 Yr)": 3.67,
        "Net Expense": 0.92,
        "Morningstar Rating": 3,
        "Manager Tenure": 7,
        "Assets": 1084.35,
        "Risk (Beta)": 0.44
      },
      "description_html": "Select Gold Portfolio",
      "app_data": {}
    }
  ]
}